–û—Ç –∫–æ–≥–æ,–¢–µ–º–∞ –ø–∏—Å—å–º–∞,–í—Ä–µ–º—è –æ—Ç–ø—Ä–∞–≤–∫–∏,–¢–µ–∫—Å—Ç –ø–∏—Å—å–º–∞
hello@plus.yandex.ru,–ê –º—ã –Ω–µ —Å –ø—É—Å—Ç—ã–º–∏ —Ä—É–∫–∞–º–∏! 3 –º–µ—Å—è—Ü–∞ –Ø–Ω–¥–µ–∫—Å.–ü–ª—é—Å –≤ –ø–æ–¥–∞—Ä–æ–∫ üéÅ,—Å–µ–≥–æ–¥–Ω—è –≤ 14:55,"–ü—Ä–∏–≤–µ—Ç! –ò –¥–æ–±—Ä–æ
–ø–æ–∂–∞–ª–æ–≤–∞—Ç—å
–≤ –Ø–Ω–¥–µ–∫—Å
  –° –æ–¥–Ω–∏–º –ª–æ–≥–∏–Ω–æ–º –∏ –ø–∞—Ä–æ–ª–µ–º –Ø–Ω–¥–µ–∫—Å–∞ –º–æ–∂–Ω–æ –ø—É—Ç–µ—à–µ—Å—Ç–≤–æ–≤–∞—Ç—å —Å –¢–∞–∫—Å–∏, –¥–µ–ª–∏—Ç—å—Å—è —Ñ–æ—Ç–æ–≥—Ä–∞—Ñ–∏—è–º–∏ –≤ –î–∏—Å–∫–µ, –ø–æ–∫—É–ø–∞—Ç—å —Å–∞–º–æ–µ –ª—É—á—à–µ–µ –Ω–∞ –ú–∞—Ä–∫–µ—Ç–µ.
90 –¥–Ω–µ–π –ø–æ–¥–ø–∏—Å–∫–∏
–Ø–Ω–¥–µ–∫—Å.–ü–ª—é—Å –≤ –ø–æ–¥–∞—Ä–æ–∫
G6YY9QG4UW
–ó–∞–±—Ä–∞—Ç—å –ø–æ–¥–∞—Ä–æ–∫
–í–æ—Ç —á—Ç–æ –≤—Ö–æ–¥–∏—Ç –≤ –ü–ª—é—Å:
–ú—É–∑—ã–∫–∞
–ú—É–∑—ã–∫–∞ –∏ –ø–æ–¥–∫–∞—Å—Ç—ã –±–µ–∑ –∏–Ω—Ç–µ—Ä–Ω–µ—Ç–∞ –∏ —Ä–µ–∫–ª–∞–º—ã.
–ö–∏–Ω–æ–ü–æ–∏—Å–∫ HD
–¢—ã—Å—è—á–∏ —Ñ–∏–ª—å–º–æ–≤ –∏ —Å–µ—Ä–∏–∞–ª–æ–≤ –≤ –Ω–∞—à–µ–º –æ–Ω–ª–∞–π–Ω-–∫–∏–Ω–æ—Ç–µ–∞—Ç—Ä–µ.
–≤ –¢–∞–∫—Å–∏
–∫–µ—à–±—ç–∫ –±–∞–ª–ª–∞–º–∏ –∑–∞ –ø–æ–µ–∑–¥–∫–∏ –≤ –∫–ª–∞—Å—Å–µ ¬´–ö–æ–º—Ñ–æ—Ä—Ç¬ª –∏ –≤—ã—à–µ.
–Ω–∞ –ú–∞—Ä–∫–µ—Ç–µ
–∑–∞ –ø–æ–∫—É–ø–∫—É —Ç–æ–≤–∞—Ä–æ–≤ —Å–æ —Å–ø–µ—Ü–∏–∞–ª—å–Ω–æ–π –æ—Ç–º–µ—Ç–∫–æ–π.
–£–∑–Ω–∞—Ç—å –±–æ–ª—å—à–µ
–ï—Å–ª–∏ –Ω—É–∂–Ω–∞ –ø–æ–º–æ—â—å –∏–ª–∏ –ø—Ä–æ—Å—Ç–æ –∑–∞—Ö–æ—Ç–∏—Ç–µ –ø–æ–≥–æ–≤–æ—Ä–∏—Ç—å ‚Äî –º—ã —Ä—è–¥–æ–º. –ß—É–≤—Å—Ç–≤—É–π—Ç–µ —Å–µ–±—è –∫–∞–∫ –¥–æ–º–∞. –° —Ç–µ–ø–ª–æ–º , –∫–æ–º–∞–Ω–¥–∞ –Ø–Ω–¥–µ–∫—Å–∞
–° —É—Å–ª–æ–≤–∏—è–º–∏ –ø–æ–¥–ø–∏—Å–∫–∏ –Ø–Ω–¥–µ–∫—Å.–ü–ª—é—Å, –æ–ø–∏—Å–∞–Ω–∏–µ–º –ø—Ä–∏–≤–∏–ª–µ–≥–∏–π –∏ —É—Å–ª–æ–≤–∏—è–º–∏ –∏—Ö –ø—Ä–µ–¥–æ—Å—Ç–∞–≤–ª–µ–Ω–∏—è –º–æ–∂–Ω–æ –æ–∑–Ω–∞–∫–æ–º–∏—Ç—å—Å—è –∑–¥–µ—Å—å."
hello@yandex-team.ru,"–ö–∞–∫ —É–±–µ–¥–∏—Ç—å—Å—è, —á—Ç–æ –ø–∏—Å—å–º–æ –¥–æ—Å—Ç–∞–≤–ª–µ–Ω–æ",—Å–µ–≥–æ–¥–Ω—è –≤ 14:55,"    –ó–¥—Ä–∞–≤—Å—Ç–≤—É–π—Ç–µ!
–ú—ã –ø–æ–¥–≥–æ—Ç–æ–≤–∏–ª–∏ –Ω–µ—Å–∫–æ–ª—å–∫–æ –ø–∏—Å–µ–º —Å –ø–æ–ª–µ–∑–Ω—ã–º–∏ —Å–æ–≤–µ—Ç–∞–º–∏, –∫–æ—Ç–æ—Ä—ã–µ –ø–æ–º–æ–≥—É—Ç –≤–∞–º –æ—Å–≤–æ–∏—Ç—å—Å—è –≤ –Ω–æ–≤–æ–º —è—â–∏–∫–µ.
–î–ª—è –Ω–∞—á–∞–ª–∞ —Ä–∞—Å—Å–∫–∞–∂–µ–º –ø—Ä–æ –æ—Ç–ø—Ä–∞–≤–∫—É –ø–∏—Å–µ–º.
    –ü–æ—Å–ª–∞—Ç—å –ø–∏—Å—å–º–æ ‚Äî –¥–µ–ª–æ –Ω–µ—Ö–∏—Ç—Ä–æ–µ. –ù–æ –∏–Ω–æ–≥–¥–∞ –≤–æ–∑–Ω–∏–∫–∞–µ—Ç —Å–æ–º–Ω–µ–Ω–∏–µ, –¥–æ—à–ª–æ –ª–∏ —Å–æ–æ–±—â–µ–Ω–∏–µ –¥–æ –∞–¥—Ä–µ—Å–∞—Ç–∞.
–ï—Å–ª–∏ –≤—ã —Ö–æ—Ç–∏—Ç–µ —É–±–µ–¥–∏—Ç—å—Å—è, —á—Ç–æ –ø–∏—Å—å–º–æ –Ω–µ –ø–æ—Ç–µ—Ä—è–ª–æ—Å—å, –≤–∫–ª—é—á–∏—Ç–µ —É–≤–µ–¥–æ–º–ª–µ–Ω–∏–µ –æ –¥–æ—Å—Ç–∞–≤–∫–µ. –î–ª—è —ç—Ç–æ–≥–æ –¥–æ—Å—Ç–∞—Ç–æ—á–Ω–æ –ø–µ—Ä–µ–¥ –æ—Ç–ø—Ä–∞–≤–∫–æ–π –ø–∏—Å—å–º–∞ –Ω–∞–∂–∞—Ç—å –Ω–∞ –∫–Ω–æ–ø–∫—É ¬´–£–≤–µ–¥–æ–º–∏—Ç—å¬ª, –∏ –∫–∞–∫ —Ç–æ–ª—å–∫–æ –≤–∞—à–µ –ø–∏—Å—å–º–æ –±—É–¥–µ—Ç –¥–æ—Å—Ç–∞–≤–ª–µ–Ω–æ, –≤—ã –ø–æ–ª—É—á–∏—Ç–µ –æ—Ç—á—ë—Ç.
–°—Ç–æ–∏—Ç –æ—Ç–º–µ—Ç–∏—Ç—å: –¥–æ—Å—Ç–∞–≤–ª–µ–Ω–Ω–æ–µ –ø–∏—Å—å–º–æ ‚Äî –Ω–µ –∑–Ω–∞—á–∏—Ç –ø—Ä–æ—á–∏—Ç–∞–Ω–Ω–æ–µ.
  –î–ª—è –≤–∞–∂–Ω–æ–≥–æ –ø–∏—Å—å–º–∞, –Ω–∞ –∫–æ—Ç–æ—Ä–æ–µ –≤—ã –Ω–µ–ø—Ä–µ–º–µ–Ω–Ω–æ –∂–¥—ë—Ç–µ –æ—Ç–≤–µ—Ç, –º–æ–∂–Ω–æ —É—Å—Ç–∞–Ω–æ–≤–∏—Ç—å –Ω–∞–ø–æ–º–∏–Ω–∞–Ω–∏–µ ‚Äî –µ—Å–ª–∏ –æ—Ç–≤–µ—Ç –Ω–µ –ø—Ä–∏–¥—ë—Ç –≤ —É–∫–∞–∑–∞–Ω–Ω—ã–π —Å—Ä–æ–∫, –Ø–Ω–¥–µ–∫—Å.–ü–æ—á—Ç–∞ –ø—Ä–µ–¥–ª–æ–∂–∏—Ç –æ—Ç–ø—Ä–∞–≤–∏—Ç—å –ø–∏—Å—å–º–æ –µ—â—ë —Ä–∞–∑.
–° —É–≤–∞–∂–µ–Ω–∏–µ–º, –∫–æ–º–∞–Ω–¥–∞ –Ø–Ω–¥–µ–∫—Å.–ü–æ—á—Ç—ã
–û—Ç–ø–∏—Å–∞—Ç—å—Å—è –æ—Ç —Ä–∞—Å—Å—ã–ª–∫–∏ –û–±—Ä–∞—Ç–Ω–∞—è —Å–≤—è–∑—å ¬© –Ø–Ω–¥–µ–∫—Å"
gbtest2021@yandex.ru,–ü—Ä–æ–≤–µ—Ä–∫–∞ —Å–≤—è–∑–∏,—Å–µ–≥–æ–¥–Ω—è –≤ 23:17,–ü—Ä–æ–≤–µ—Ä–∫–∞ –æ—Ç–ø—Ä–∞–≤–∫–∏ –ø–æ—á—Ç—ã !!!
